﻿Latitude,Longitude,STATION_NAME,STATION_CODE,DIVISION,STATE,CATEGORY
18.75644,84.422423,PALASA,PSA,KUR,ANDHRA PRADESH,A
18.408939,83.903818,SRIKAKULAM ROAD,CHE,WAT,ANDHRA PRADESH,A
18.1066576,83.3955506,VIZIANAGARAM,VZM,WAT,ANDHRA PRADESH,A
17.694711,83.008556,ANAKAPALLE                                        ,AKP ,BZA       ,ANDHRA PRADESH,A
14.6864093,77.5952527,ANANTAPUR                                        ,ATP ,GTL,ANDHRA PRADESH,A
16.5475412,81.5190117,BHIMAVARAM TOWN                                   ,BVRT,BZA       ,ANDHRA PRADESH,A
15.8313436,80.3543806,CHIRALA                                           ,CLX ,BZA       ,ANDHRA PRADESH,A
14.4516596,78.8292391,CUDDAPAH                                          ,HX  ,GTL,ANDHRA PRADESH,A
16.718058,81.119576,ELURU                                             ,EE  ,BZA       ,ANDHRA PRADESH,A
14.1486494,79.8456227,GUDUR JN.                                         ,GDR ,BZA       ,ANDHRA PRADESH,A
15.1755264,77.3667171,GUNTAKAL JN.                                      ,GTL ,GTL,ANDHRA PRADESH,A
16.3005246,80.4427366,GUNTUR JN.                                        ,GNT ,GNT       ,ANDHRA PRADESH,A
16.9674599,82.2333718,KAKINADA TOWN                                     ,CCT ,BZA       ,ANDHRA PRADESH,A
17.9747022,79.5111795,KAZIPET JN.                                       ,KZJ ,SC        ,ANDHRA PRADESH,A
17.2487263,80.1391447,KHAMMAM,KMT,SC        ,ANDHRA PRADESH,A
15.8324664,78.0324683,KURNOOL TOWN                                      ,KRNT,HYB       ,ANDHRA PRADESH,A
17.6904098,83.1943724,MANCHIRYAL                                        ,MCI ,SC        ,ANDHRA PRADESH,A
14.4425987,79.986456,NELLORE                                           ,NLR ,BZA       ,ANDHRA PRADESH,A
18.6787573,78.1035955,NIZAMABAD                                         ,NZB ,HYB       ,ANDHRA PRADESH,A
15.4975651,80.0570646,ONGOLE                                            ,OGL ,BZA       ,ANDHRA PRADESH,A
16.9842754,81.7838571,RAJAHMUNDRY                                       ,RJY ,BZA       ,ANDHRA PRADESH,A
13.6366028,79.5065922,RENIGUNTA                                         ,RU  ,GTL,ANDHRA PRADESH,A
17.0453224,82.1691189,SAMALKOT JN.                                      ,SLO ,BZA       ,ANDHRA PRADESH,A
16.8102053,81.5266148,TADEPALLIGUDEM                                    ,TDD ,BZA       ,ANDHRA PRADESH,A
16.242093,80.64063,TENALI JN.                                        ,TEL ,BZA       ,ANDHRA PRADESH,A
17.355267,82.5429325,TUNI                                              ,TUNI,BZA       ,ANDHRA PRADESH,A
17.973252,79.605708,WARANGAL                                          ,WL  ,SC        ,ANDHRA PRADESH,A
14.1609808,77.7588363,SSP NILAYAM,SSPN,SBC,ANDHRA PRADESH,A
26.5020363,90.9647221,BARPETA ROAD ,BPRD,RNY,ASSAM,A
26.4694794,90.5606457,BONGAIGAON ,BNGN,RNY,ASSAM,A
27.4643753,94.9365535,DIBRUGARH TOWN,DBRT,TSK,ASSAM,A
26.750139,94.2162827,JORHAT TOWN,JTTN,TSK,ASSAM,A
26.157295,91.6920453,KAMAKHYA,KYQ,LMG,ASSAM,A
25.7505782,93.1765539,LUMDING,LMG,LMG,ASSAM,A
26.4472785,91.6064099,RANGIYA JN. ,RNY,RNY,ASSAM,A
24.8300535,92.7873955,SILCHAR,SCL,LMG,ASSAM,A
27.4796344,95.3372848,TINSUKIA,TSK,TSK,ASSAM,A
24.8559708,84.3287313,ANUGRAHA NARAYAN ROAD,AUBR,MGS,BIHAR,A
25.5487958,84.6613775,ARA JN.,ARA,DNR,BIHAR,A
25.4558729,85.532603,BAKHTIYARPUR JN.,BKP,DNR,BIHAR,A
25.4620441,85.9875962,BARAUNI JN.,BJU,SEE,BIHAR,A
26.8053995,84.5223827,BETIAH,BTH,SPJ,BIHAR,A
25.5612101,83.9810882,BUXAR,BXR,DNR,BIHAR,A
25.5822775,85.0436279,DANAPUR,DNR,DNR,BIHAR,A
24.9151459,84.1855467,DEHRI-ON-SONE,DOS,MGS,BIHAR,A
25.7021728,85.2155034,HAJIPUR JN.,HJP,SEE,BIHAR,A
25.0960742,85.3131194,JAMUI,JMU,DNR,BIHAR,A
26.5885527,86.1359014,JAYNAGAR,JYG,SPJ,BIHAR,A
25.5061504,86.4670358,KHAGARIA JN.,KGG,SEE,BIHAR,A
26.0981403,87.9498058,KIUL JN.,KEU,DNR,BIHAR,A
26.3488811,86.0773465,MADHUBANI,MBI,SPJ,BIHAR,A
25.3921849,85.9141634,MOKAMA,MKA,DNR,BIHAR,A
26.6554641,84.9051507,BAPUDHAM MOTIHARI,BMKI,SPJ,BIHAR,A
27.1048944,84.4639444,NARKATIAGANJ JN.,NKE,SPJ,BIHAR,A
25.585818,85.2312576,PATNA SAHIB JN.,PNC,DNR,BIHAR,A
25.6027447,85.1626785,RAJENDRA NAGAR(T),RJPB,DNR,BIHAR,A
26.9868646,84.8447217,RAUXAUL JN.,RXL,SPJ,BIHAR,A
26.7586446,84.7393809,SAGAULI JN.,SGL,SPJ,BIHAR,A
25.8733726,86.594274,SAHARSA JN.,SHC,SPJ,BIHAR,A
25.8598831,85.7862803,SAMASTIPUR JN.,SPJ,SPJ,BIHAR,A
24.9562073,84.01856,SASARAM JN.,SSM,MGS,BIHAR,A
25.3148743,86.4928768,JAMALPUR ,JMP,MLDT,BIHAR,A
26.2110683,84.3594016,SIWAN JN.,SV,VARANASI,BIHAR,A
26.4027544,87.2638537,JOGBANI,JBN,KIR,BIHAR,A
25.5479337,87.565149,KATIHAR JN,KIR,KIR,BIHAR,A
26.0981403,87.9498058,KISHANGANJ,KNE,KIR,BIHAR,A
25.7892226,87.5190262,PURNEA JN,PRNA,KIR,BIHAR,A
25.6189135,88.1289862,RAIGANJ,RGJ,KIR,BIHAR,A
21.2080656,81.3754392,BHILAI POWER HOUSE,BPHB,R,CHHATTISGARH,A
22.034544,82.664977,CHAMPA JN.,CPH,BSP,CHHATTISGARH,A
21.1904494,81.2849169,DURG,DURG,R,CHHATTISGARH,A
21.8913276,83.3905936,RAIGARH,RIG,BSP,CHHATTISGARH,A
21.1006906,81.0385899,RAJNANDGAON,RJN,NGP,CHHATTISGARH,A
28.7164986,77.1705052,ADARSHNAGARDELHI,ANDI,DLI,DELHI,A
28.6119222,77.1156424,DELHI CANTT.,DEC,DLI,DELHI,A
28.6628569,77.185494,DELHI SARAI ROHILLA,DEE,DLI,DELHI,A
28.6730561,77.2922813,DELHI SHAHADRA,DSA,DLI,DELHI,A
15.3963801,73.8122687,VASCO-DA-GAMA,VSG,UBL,GOA,A
22.5645175,72.928871,ANAND,ANND,VADODARA,GUJARAT,A
21.6255803,73.001253,ANKLESHWAR,AKV,VADODARA,GUJARAT,A
21.730961,73.0124856,BHARUCH,BH,VADODARA,GUJARAT,A
21.7697755,72.1366149,BHAVNAGAR TERMINUS,BVC,BHAVNAGAR,GUJARAT,A
23.0684465,70.1476613,GANDHIDHAM,GIM,AHMEDABAD,GUJARAT,A
22.4929933,70.0534734,JAMNAGAR,JAM,RAJKOT,GUJARAT,A
23.6024932,72.3889221,MAHESANA,MSH,AHMEDABAD,GUJARAT,A
22.694942,72.8561568,NADIAD,ND,VADODARA,GUJARAT,A
20.929628,72.94469,NAVSARI,NVS,MUMBAI CENTRAL,GUJARAT,A
23.2659531,69.6784273,NEW BHUJ,NBVJ,AHMEDABAD,GUJARAT,A
24.1749018,72.4307641,PALANPUR,PNU,AHMEDABAD,GUJARAT,A
22.7447981,71.6306234,SURENDRANAGAR,SUNR,RAJKOT,GUJARAT,A
21.1705123,72.8510335,UDHANA,UDN,MUMBAI CENTRAL,GUJARAT,A
20.6078591,72.933553,VALSAD,BL,MUMBAI CENTRAL,GUJARAT,A
20.3893155,72.9106202,VAPI,VAPI,MUMBAI CENTRAL,GUJARAT,A
20.9115176,70.3708703,VERAVAL,VRL,BHAVNAGAR,GUJARAT,A
23.1378676,72.0424503,VIRAMGAM,VG,AHMEDABAD,GUJARAT,A
28.3405314,77.3125191,BALLABGARH,BVH,DLI,HARYANA,A
28.410739,77.3073798,FARIDABAD,FDB,DLI,HARYANA,A
28.4888103,77.0108016,GURGAON,GGN,DLI,HARYANA,A
30.1173215,77.2877016,JAGADHRI,JUD,UMB,HARYANA,A
30.8392232,76.9316316,KALKA,KLK,UMB,HARYANA,A
29.694786,76.9696753,KARNAL,KUN,DLI,HARYANA,A
29.3891542,76.963766,PANIPAT,PNP,DLI,HARYANA,A
28.8906738,76.5801218,ROHTAK,ROK,DLI,HARYANA,A
29.003296,77.0279021,SONIPAT,SNP,DLI,HARYANA,A
28.8002554,76.1240173,BHIWANI,BNW,BIKANER,HARYANA,A
29.1523063,75.7244288,HISAR,HSR,BIKANER,HARYANA,A
28.2032765,76.610583,REWARI,RE,JAIPUR,HARYANA,A
32.9262035,75.1542645,UDHAMPUR,UHP,FZR,JAMMU & KASHMIR,A
24.0331665,84.0743931,DALTONGANJ,DTO,DHN,JHARKHAND,A
23.8717293,86.1524866,GOMOH JN.,GMO,DHN,JHARKHAND,A
24.4348782,85.5291784,KODERMA,KQR,DHN,JHARKHAND,A
23.987568,86.0373974,PARASHNATH,PNME,DHN,JHARKHAND,A
24.5151087,86.6442712,JASIDIH ,JSME,ASN,JHARKHAND,A
24.2709756,86.6421576,MADHUPUR ,MDP,ASN,JHARKHAND,A
23.6580406,86.0840173,BOKARO SEEL CITY,BKSC,ADA,JHARKHAND,A
23.3094514,85.3088192,HATIA,HTE,RNC,JHARKHAND,A
23.349473,85.335656,RANCHI,RNC,RNC,JHARKHAND,A
17.3147387,76.8243431,GULBARGA,GR,SUR,KARNATAKA,A
16.1933432,77.3393105,RAICHUR                                           ,RC  ,GTL,KARNATAKA,A
16.7439161,77.1301315,YADGIR                                            ,YG  ,GTL,KARNATAKA,A
12.8615873,74.8435295,MANGALORE CENTRAL                  ,MAQ  ,PGT,KARNATAKA,A
12.8665983,74.8794099,MANGALORE JN                       ,MAJN ,PGT,KARNATAKA,A
12.9936898,77.5981422,BANGALORE CANTT.,BNC,SBC,KARNATAKA,A
12.9849029,78.1787091,BANGARPET,BWT ,SBC,KARNATAKA,A
15.8637777,74.5076011,BELGAUM,BGM,UBL,KARNATAKA,A
15.1454373,76.9221718,BELLARY,BAY,UBL,KARNATAKA,A
16.8080989,75.7175056,BIJAPUR ,BJP,UBL,KARNATAKA,A
14.4678953,75.9195134,DAVANGERE,DVG,MYS,KARNATAKA,A
15.4437714,75.0038576,DHARWAD,DWR,UBL,KARNATAKA,A
15.2865694,76.3872414,HOSPET,HPT,UBL,KARNATAKA,A
15.3480196,75.1606944,HUBLI,UBL,UBL,KARNATAKA,A
12.9177955,77.4841235,KENGERI,KGI,SBC,KARNATAKA,A
13.0005672,77.6746456,KRISHNARAJAPURAM,KJM,SBC,KARNATAKA,A
12.3166855,76.6453031,MYSORE,MYS,MYS,KARNATAKA,A
13.9434889,75.5838877,SHIMOGA TOWN,SMET,MYS,KARNATAKA,A
9.4836002,76.3222995,ALAPPUZHA                          ,ALLP ,TVC,KERALA,A
10.108486,76.356879,ALUVA                              ,AWY  ,TVC,KERALA,A
9.3182301,76.6084988,CHENGANNUR                         ,CNGR ,TVC,KERALA,A
9.9918222,76.2864782,ERNAKULAM TOWN                     ,ERN  ,TVC,KERALA,A
12.3199987,75.0847468,KANHANGAD                          ,KZE  ,PGT,KERALA,A
11.8715225,75.3682525,KANNUR                             ,CAN  ,PGT,KERALA,A
12.4913231,74.9876916,KASARGOD                           ,KGQ  ,PGT,KERALA,A
9.1824314,76.5125892,KAYANKULAM JN                      ,KYJ  ,TVC,KERALA,A
8.8859247,76.5951807,KOLLAM JN                          ,QLN  ,TVC,KERALA,A
9.594489,76.532174,KOTTAYAM                           ,KTYM ,TVC,KERALA,A
10.799284,76.6375373,PALAKKAD JN.                       ,PGT  ,PGT,KERALA,A
12.091403,75.1955761,PAYYANNUR                          ,PAY  ,PGT,KERALA,A
10.7592773,76.2714453,SHORANUR JN.                       ,SRR  ,PGT,KERALA,A
11.753359,75.49291,THALASSERY                         ,TLY  ,PGT,KERALA,A
10.9172053,75.9221883,TIRUR                              ,TIR  ,PGT,KERALA,A
9.3791594,76.575926,TIRUVALLA                          ,TRVL ,TVC,KERALA,A
11.5934514,75.5870709,VADAKARA                           ,BDJ  ,PGT,KERALA,A
21.8969258,77.906211,BETUL,BZU,NGP,MADHYA PRADESH,A
21.334808,76.199325,BURHANPUR,BAU,BSL,MADHYA PRADESH,A
21.826559,76.348596,KHANDWA,KNW,BSL,MADHYA PRADESH,A
24.204848,82.6425979,SINGRAULI,SGRL,DHN,MADHYA PRADESH,A
26.5007853,78.0036622,MORENA,MRA,JHS,MADHYA PRADESH,A
24.2122,78.18275,BINA,BINA,BPL,MADHYA PRADESH,A
23.8356344,79.4318065,DAMOH,DMO,JBP,MADHYA PRADESH,A
23.2219306,77.4393863,HABIBGANJ,HBJ,BPL,MADHYA PRADESH,A
22.7430323,77.732955,HOSHANGABAD,HBD,BPL,MADHYA PRADESH,A
22.6082196,77.7670225,ITARSI,ET,BPL,MADHYA PRADESH,A
23.8343156,80.4005699,KATNI,KTE,JBP,MADHYA PRADESH,A
24.256258,80.763775,MAIHAR,MYR,JBP,MADHYA PRADESH,A
22.7541312,78.3546661,PIPARIYA,PPI,JBP,MADHYA PRADESH,A
24.5372927,81.30418,REWA,REWA,JBP,MADHYA PRADESH,A
24.5691054,80.8287427,SATNA,STA,JBP,MADHYA PRADESH,A
23.8476118,78.7428384,SAUGOR,SGO,JBP,MADHYA PRADESH,A
23.5225711,77.8147935,VIDISHA,BHS,BPL,MADHYA PRADESH,A
22.7195687,75.8577258,INDORE,IND,RATLAM,MADHYA PRADESH,A
23.4557842,75.4128034,NAGDA,NAD,RATLAM,MADHYA PRADESH,A
23.3405576,75.0504837,RATLAM,RTM,RATLAM,MADHYA PRADESH,A
23.1782623,75.7792945,UJJAIN,UJN,RATLAM,MADHYA PRADESH,A
19.075276,74.721474,AHMEDNAGAR,ANG,SUR,MAHARASHTRA,A
20.7233388,77.0057059,AKOLA,AK,BSL,MAHARASHTRA,A
20.9307745,77.7579871,AMRAVATI,AMI,BSL,MAHARASHTRA,A
20.8576248,77.7318933,BADNERA,BD,BSL,MAHARASHTRA,A
19.8499304,79.3477916,BALLARSHAH,BPQ,NGP,MAHARASHTRA,A
21.0469912,75.7883817,BHUSAWAL,BSL,BSL,MAHARASHTRA,A
20.4637095,74.9988628,CHALISGAON,CSN,BSL,MAHARASHTRA,A
19.9488847,79.2955765,CHANDRAPUR,CD,NGP,MAHARASHTRA,A
18.4640056,74.5789146,DAUND,DD,SUR,MAHARASHTRA,A
21.0182435,75.5629677,JALGAON,JL,BSL,MAHARASHTRA,A
16.702671,74.237917,KOLHAPUR,KOP,PA,MAHARASHTRA,A
19.9034532,74.5035265,KOPARGAON,KPG,SUR,MAHARASHTRA,A
18.0918577,75.4175381,KURDUWADI,KWV,SUR,MAHARASHTRA,A
18.4299605,76.5557468,LATUR,LUR,SUR,MAHARASHTRA,A
18.7493892,73.4080759,LONAVALA,LNL,BB,MAHARASHTRA,A
20.249736,74.438126,MANMAD,MMR,BSL,MAHARASHTRA,A
16.8203641,74.6387623,MIRAJ,MRJ,PA,MAHARASHTRA,A
28.700801,77.259727,NASIK ROAD,NKRD,BSL,MAHARASHTRA,A
18.990894,73.1207371,PANVEL,PNVL,BB,MAHARASHTRA,A
19.7806599,74.4805113,SAINAGAR SHIRDI,SNSI,SUR,MAHARASHTRA,A
20.8006772,76.6904246,SHEGAON,SEG,BSL,MAHARASHTRA,A
20.7330515,78.5948266,WARDHA,WR,NGP,MAHARASHTRA,A
19.8598388,75.311368,AURANGABAD                                        ,AWB ,NED,MAHARASHTRA,A
19.8296893,75.8800305,JALNA                                             ,J   ,NED,MAHARASHTRA,A
20.1013228,74.5432157,NAGARSOL                                          ,NSL ,NED,MAHARASHTRA,A
19.1605101,77.3105445,NANDED                                            ,NED ,NED,MAHARASHTRA,A
19.2576585,76.7735879,PARBHANI JN.                                      ,PBN ,NED,MAHARASHTRA,A
21.4624491,80.2209773,GONDIA,G,NGP,MAHARASHTRA,A
25.905961,93.72825,DIMAPUR,DMV,LMG,NAGALAND,A
21.0912758,86.5157605,BHADRAK,BHC,KUR,ODISHA,A
19.296363,84.797022,BRAHMAPUR,BAM,KUR,ODISHA,A
20.4791512,85.8294259,CUTTACK,CTC,KUR,ODISHA,A
20.9433485,86.1327199,JAJPUR-KEONJHAR ROAD,JJKR,KUR,ODISHA,A
20.1533246,85.70864,KHURDA ROAD,KUR,KUR,ODISHA,A
19.1758132,83.4106497,RAYAGADA,RGDA,WAT,ODISHA,A
21.4832695,83.9617212,SAMBALPUR ,SBP,SBP,ODISHA,A
21.4869337,86.9246005,BALASORE,BLS,KGP,ODISHA,A
21.8627289,84.017899,JHARSUGUDA,JSG,CKP,ODISHA,A
22.2275861,84.8630703,ROURKELA,ROU,CKP,ODISHA,A
30.212796,74.9331147,BATHINDA JUNCTION,BTI,UMB,PUNJAB,A
﻿31.5203,75.2913,BEAS,BES,FZR,PUNJAB,A
32.2326362,75.7051434,CHAKKI BANK,CHKB,FZR,PUNJAB,A
30.941816,74.6175556,FIROZPUR CANTT.,FZR,FZR,PUNJAB,A
31.3074097,75.6312045,JALLANDHAR CANTT.,JRC,FZR,PUNJAB,A
31.3311995,75.590758,JALANDHAR CITY,JUC,FZR,PUNJAB,A
32.2721934,75.6477226,PATHANKOT,PTK,FZR,PUNJAB,A
30.329389,76.392633,PATIALA,PTA,UMB,PUNJAB,A
31.2171926,75.7654843,PHAGWARA,PGW,FZR,PUNJAB,A
30.4864676,76.5937897,RAJPURA JN.,RPJ,UMB,PUNJAB,A
30.6238725,76.3823873,SIRHIND JN.,SIR,UMB,PUNJAB,A
24.4812799,72.785344,ABUROAD,ABR,AJMER,RAJASTHAN,A
27.5612805,76.6216858,ALWAR,AWR,JAIPUR,RAJASTHAN,A
27.03926,76.5667041,BANDIKUI,BKI,JAIPUR,RAJASTHAN,A
25.7463649,71.3974778,BARMER,BME,JODHPUR,RAJASTHAN,A
25.3451462,74.6314535,BHILWARA,BHL,AJMER,RAJASTHAN,A
28.0145575,73.3159695,BIKANER,BKN,BIKANER,RAJASTHAN,A
25.2354337,73.2346074,FALNA,FA,AJMER,RAJASTHAN,A
26.873343,75.7988459,GANDHINAGAR-JP,GADJ,JAIPUR,RAJASTHAN,A
29.61589,74.300059,HANUMANGARH JN.,HMH,BIKANER,RAJASTHAN,A
26.9170902,70.9283017,JAISALMER,JSM,JODHPUR,RAJASTHAN,A
28.0434943,73.3145098,LALGARH,LGH,BIKANER,RAJASTHAN,A
25.7204036,73.6092822,MARWAR JN.,MJ,AJMER,RAJASTHAN,A
27.1999565,73.7235568,NAGAUR,NGO,JODHPUR,RAJASTHAN,A
25.790989,73.3274227,PALI MARWAR,PMY,JODHPUR,RAJASTHAN,A
26.8734057,75.246083,PHULERA,FL,JAIPUR,RAJASTHAN,A
25.2055,73.1839,RANI,RN,AJMER,RAJASTHAN,A
29.9038399,73.8771901,SRI GANGANAGAR,SGNR,BIKANER,RAJASTHAN,A
29.3240874,73.9068429,SURATGARH,SOG,BIKANER,RAJASTHAN,A
24.5683573,73.6997892,UDAIPUR CITY,UDZ,AJMER,RAJASTHAN,A
27.2363645,77.4887574,BHARATPUR,BTE ,KOTA,RAJASTHAN,A
25.2138156,75.8647527,KOTA,KOTA,KOTA,RAJASTHAN,A
26.0190063,76.3574878,SAWAI MADHOPUR,SWM,KOTA,RAJASTHAN,A
24.9254191,74.6422184,CHITTORGARH JN.,COR,RATLAM,RAJASTHAN,A
13.0817771,79.668103,ARAKKONAM JN                       ,AJJ  ,MAS,TAMIL NADU,A
12.6938528,79.9807078,CHENGALPATTU JN.                   ,CGL  ,MAS,TAMIL NADU,A
10.353943,77.986084,DINDIGUL JN                        ,DG   ,MDU,TAMIL NADU,A
11.327928,77.7262636,ERODE JN                           ,ED   ,SA,TAMIL NADU,A
12.562827,78.5777084,JOLARPETTAI JN                    ,JTJ  ,MAS,TAMIL NADU,A
8.0874019,77.5494926,KANNIYAKUMARI                      ,CAPE ,TVC,TAMIL NADU,A
10.96565,78.0852424,KARUR JN.                          ,KRR  ,SA,TAMIL NADU,A
12.9722421,79.1384152,KATPADI                            ,KPD  ,MAS,TAMIL NADU,A
11.0318529,76.8908537,KOVILPATTI                         ,CVP  ,MDU,TAMIL NADU,A
10.9537233,79.3894913,KUMBAKONAM                         ,KMU  ,TPJ,TAMIL NADU,A
11.0957207,79.628505,MAYILADUTHURAI JN.                 ,MV   ,TPJ,TAMIL NADU,A
11.2987049,76.935554,METTUPALAIYAM                      ,MTP  ,SA,TAMIL NADU,A
8.1746848,77.4440221,NAGERCOIL JN                       ,NCJ  ,TVC,TAMIL NADU,A
9.2813314,79.3062391,RAMESWARAM                         ,RMM  ,MDU,TAMIL NADU,A
11.6702698,78.113323,SALEM JN                           ,SA   ,SA,TAMIL NADU,A
12.9256641,80.1174315,TAMBARAM                           ,TBM  ,MAS,TAMIL NADU,A
10.7777896,79.1397246,THANJAVUR JN                       ,TJ   ,TPJ,TAMIL NADU,A
10.7947068,78.6848465,TIRUCHCHIRAPPALLI JN               ,TPJ  ,TPJ,TAMIL NADU,A
8.7313945,77.7082141,TIRUNELVELI JN                     ,TEN  ,MDU,TAMIL NADU,A
11.1085658,77.3397525,TIRUPPUR                           ,TUP  ,SA,TAMIL NADU,A
8.7641661,78.1348361,TUTICORIN                          ,TN   ,MDU,TAMIL NADU,A
11.941794,79.4991613,VILLUPURAM JN.                     ,VM   ,TPJ,TAMIL NADU,A
9.5947945,77.9574701,VIRUDHUNAGAR JN                    ,VPT  ,MDU,TAMIL NADU,A
27.1825717,78.0182266,AGRA FORT,AF,AGC,UTTAR PRADESH,A
27.8890473,78.0749473,ALIGARH,ALJN,ALD,UTTAR PRADESH,A
25.4796224,80.3380213,BANDA,BNDA,JHS,UTTAR PRADESH,A
25.2157049,80.9212199,CHITRAKUTDHAM KARWI,CKTD,JHS,UTTAR PRADESH,A
26.78974,79.024325,ETAWAH,ETW,ALD,UTTAR PRADESH,A
25.9171374,80.8018264,FATEHPUR,FTP,ALD,UTTAR PRADESH,A
24.688036,78.3956874,LALITPUR,LAR,JHS,UTTAR PRADESH,A
25.3065764,79.8481992,MAHOBA,MBA,JHS,UTTAR PRADESH,A
25.1350292,82.5691155,MIRZAPUR,MZP,ALD,UTTAR PRADESH,A
26.00864,79.4478858,ORAI,ORAI,JHS,UTTAR PRADESH,A
26.632223,79.554192,PHAPHUND,PHD,ALD,UTTAR PRADESH,A
27.1940705,77.9968827,RAJA KI MANDI,RKM,AGC,UTTAR PRADESH,A
27.2079996,78.2332144,TUNDLA,TDL,ALD,UTTAR PRADESH,A
26.2684414,83.0079371,AZAMGARH,AMH,VARANASI,UTTAR PRADESH,A
25.759312,84.148358,BALLIA,BUI,VARANASI,UTTAR PRADESH,A
26.8154012,82.7691451,BASTI,BST,LUCKNOW,UTTAR PRADESH,A
26.1208678,83.8413737,BELTHARA ROAD,BLTR,VARANASI,UTTAR PRADESH,A
26.5079598,83.781991,DEORIA SADAR,DEOS,VARANASI,UTTAR PRADESH,A
27.1542838,81.977077,GONDA JN.,GD,LUCKNOW,UTTAR PRADESH,A
26.7749002,83.0554346,KHALILABAD,KLD,LUCKNOW,UTTAR PRADESH,A
25.9394323,83.5638069,MAU JN.,MAU,VARANASI,UTTAR PRADESH,A
26.4292167,82.5400585,AKBAR PUR,ABP,LKO,UTTAR PRADESH,A
26.7883668,82.2008554,AYODHYA,AY,LKO,UTTAR PRADESH,A
26.9264382,81.1967805,BARABANKI,BBK,LKO,UTTAR PRADESH,A
25.3129699,82.5598526,BHADOHI,BOY,LKO,UTTAR PRADESH,A
28.5309531,78.7347464,CHANDAUSI,CH,MB,UTTAR PRADESH,A
26.7686913,82.1357189,FAIZABAD,FD,LKO,UTTAR PRADESH,A
28.6530862,77.4279899,GHAZIABAD,GZB,DLI,UTTAR PRADESH,A
28.7391406,77.7787244,HAPUR,HPU,MB,UTTAR PRADESH,A
27.383282,80.137523,HARDOI,HRI,MB,UTTAR PRADESH,A
26.8467088,80.9461592,JANGHAI,JNH,LKO,UTTAR PRADESH,A
25.7614209,82.6992568,JAUNPUR,JNU,LKO,UTTAR PRADESH,A
28.9788255,77.6749497,MEERUT CANTT.,MUT,DLI,UTTAR PRADESH,A
28.9788255,77.6749497,MEERUT CITY,MTC,DLI,UTTAR PRADESH,A
28.8322051,78.7659053,MORADABAD,MB,MB,UTTAR PRADESH,A
29.469885,77.7080937,MUZAFFARNAGAR,MOZ,DLI,UTTAR PRADESH,A
25.9078949,81.9935614,PARTAPGARH,PBH,LKO,UTTAR PRADESH,A
26.232205,81.2391027,RAE - BARELI JN.,RBL,LKO,UTTAR PRADESH,A
28.778683,79.023352,RAMPUR,RMU,MB,UTTAR PRADESH,A
29.9615391,77.5404449,SAHARANPUR JN.,SRE,UMB,UTTAR PRADESH,A
26.061245,82.67989,SHAHGANJ,SHG,LKO,UTTAR PRADESH,A
27.8931025,79.9062256,SHAHJAHANPUR ,SPN,MB,UTTAR PRADESH,A
26.2646191,82.0670772,SULTANPUR,SLN,LKO,UTTAR PRADESH,A
26.5393449,80.4878195,UNNAO,ON,LKO,UTTAR PRADESH,A
29.2669016,79.5468212,KATHGODAM,KGM,IZZATNAGAR,UTTARAKHAND,A
28.9694226,79.3799048,RUDRAPUR CITY,RUPC,IZZATNAGAR,UTTARAKHAND,A
29.2285351,78.9633368,ROORKEE,RK,MB,UTTARAKHAND,A
23.6911108,86.975235,ASANSOL ,ASN,ASN,WEST BENGAL,A
22.9227893,88.3776967,BANDEL,BDC,HWH,WEST BENGAL,A
23.2501893,87.8696314,BARDDHAMAN,BWN,HWH,WEST BENGAL,A
23.4954888,87.3174726,DURGAPUR ,DGR,ASN,WEST BENGAL,A
22.6015708,88.3838168,KOLKATA TERMINAL,KOAA,SDAH,WEST BENGAL,A
25.0161199,88.1305043,MALDA TOWN ,MLDT,MLDT,WEST BENGAL,A
22.8870634,88.4175159,NAIHATI JN.,NH,SDAH,WEST BENGAL,A
24.7943155,87.9156455,NEW FARAKKA ,NFK,MLDT,WEST BENGAL,A
24.179347,87.782021,RAMPURHAT ,RPH,HWH,WEST BENGAL,A
26.5237318,89.5341347,ALIPURDUAR JUNCTION,APDJ,APDJ,WEST BENGAL,A
26.3186608,89.4560574,COOCHBEHAR,COB,APDJ,WEST BENGAL,A
26.4837022,89.5408808,NEW ALIPURDUAR,NOQ,APDJ,WEST BENGAL,A
26.352816,89.4689401,NEW COOCHBEHAR,NCB,APDJ,WEST BENGAL,A
26.7235148,88.414031,SILIGURI JN,SGUJ,KIR,WEST BENGAL,A
21.6266172,87.5074315,DIGHA,DGHA,KGP,WEST BENGAL,A
22.5563762,88.3148574,SHALIMAR,SHM,KGP,WEST BENGAL,A
22.6210274,88.3928183,DUM DUM,KDMI,NA,WEST BENGAL,A
22.5649419,88.3516987,ESPLANADE,KESP,NA,WEST BENGAL,A